key	repo	commit
odyssey	homer_the-odyssey_william-cullen-bryant	ecf1df3ba258a7012d6e8ad0c191894cd79b2339
hamlet	william-shakespeare_hamlet	e13e4139f9aaf6adb93aabacd3aafa30421d9ae5
quixote	miguel-de-cervantes-saavedra_don-quixote_john-ormsby	5646bfbdd843b067d110a4077ccaac2ab768a0d7
pride	jane-austen_pride-and-prejudice	ed94a32be3e875c0814568050c7544e03aad3ef5
frankenstein	mary-shelley_frankenstein	3909a2b9d956377e797e235562cd237d3667fa9b
carol	charles-dickens_a-christmas-carol	dd1fb9f80b0c3fcfa2686449468f094eeadb3ff4
mobydick	herman-melville_moby-dick	013b51e2d9d6bb28b1d054bfc30beeeff4b85480
miserables	victor-hugo_les-miserables_isabel-f-hapgood	dc5e2132bc581bd7d8efc67cd46135d75739c0d6
alice	lewis-carroll_alices-adventures-in-wonderland	9ecdf2ffa23098e7cb3c72157d7c3031b6f59903
crime	fyodor-dostoevsky_crime-and-punishment_constance-garnett	95bc05484ef0a6521f982e5848b9c79d2f67f5b5
warpeace	leo-tolstoy_war-and-peace_louise-maude_aylmer-maude	46ea7f6b99790de20ac53b2f50c7de36746cbd68
huckfinn	mark-twain_the-adventures-of-huckleberry-finn	7ff397180b5d7d7627be102f7f321924983472ef
holmes	arthur-conan-doyle_the-adventures-of-sherlock-holmes	48ec456ea50987a81f564821457b9fb32cc2bfc6
dracula	bram-stoker_dracula	e9e81aadf8b235fb6498728bce54b0967e224612
gatsby	f-scott-fitzgerald_the-great-gatsby	fe47c8c04f5175d45f9410f4e3ca64c257ae0acc
